year,state,num_jurisdictions,active_registration,election_participants,eligible_voters_estimated,jurisdictions_with_precinct_info,jurisdictions_with_polling_place_info,jurisdictions_with_poll_worker_count,jurisdictions_with_age_info,jurisdictions_with_difficulty_info,registrants_in_jurisdictions_with_precinct_info,registrants_in_jurisdictions_with_polling_place_info,registrants_in_jurisdictions_with_poll_worker_info,registrants_in_jurisdictions_with_poll_worker_age_info,registrants_in_jurisdictions_with_difficulty_info,participants_in_jurisdictions_with_precinct_info,participants_in_jurisdictions_with_polling_place_info,participants_in_jurisdictions_with_poll_worker_info,participants_in_jurisdictions_with_poll_worker_age_info,participants_in_jurisdictions_with_difficulty_info,precincts,polling_places,poll_workers,worker_age_group_1,worker_age_group_2,worker_age_group_3,worker_age_group_4,worker_age_group_5,worker_age_group_6,difficulty_somewhat_difficult,difficulty_not_enough_information_to_answer,difficulty_very_easy,difficulty_very_difficult,difficulty_somewhat_easy,difficulty_neither_difficult_nor_easy
2016,Alaska,1,528671.0,323288.0,554567,1,1,1,0,1,528671.0,528671.0,528671.0,0,528671.0,323288.0,323288.0,323288.0,0,323288.0,441.0,624.0,2730.0,0,0,0,0,0,0,1,0,0,0,0,0
2016,Alabama,67,3049655.0,2137452.0,3766477,67,67,33,0,65,3049655.0,3049655.0,1969354.0,0,2997278.0,2137452.0,2137452.0,1391525.0,0,2101923.0,2566.0,2566.0,10024.0,0,0,0,0,0,0,0,65,0,0,0,0
2016,Arkansas,75,1422393.0,1048513.0,2283195,70,70,71,13,51,1351323.0,1351323.0,1360624.0,125464.0,921811.0,1041443.0,1041443.0,1048513.0,88311.0,696440.0,2558.0,1436.0,8577.0,3.0,21.0,73.0,229.0,400.0,291.0,31,0,5,8,7,0
2016,Arizona,15,3589084.0,2722660.0,5299579,15,15,15,9,13,3589084.0,3589084.0,3589084.0,3328863.0,3455939.0,2722660.0,2722660.0,2722660.0,2548068.0,2628398.0,1470.0,1350.0,10211.0,159.0,428.0,702.0,2516.0,2803.0,2596.0,9,0,0,2,2,0
2016,California,58,19435856.0,14610494.0,30157154,58,58,57,45,48,19435856.0,19435856.0,19427757.0,17480524.0,12398989.0,14610494.0,14610494.0,14604573.0,13089672.0,9647292.0,23429.0,14757.0,93239.0,14183.0,6387.0,9150.0,21469.0,17414.0,12983.0,27,2,2,8,9,0
2016,Colorado,64,3336663.0,2884199.0,4279173,64,64,64,53,47,3336663.0,3336663.0,3336663.0,1853066.0,3184357.0,2884199.0,2884199.0,2884199.0,1602746.0,2750910.0,3010.0,288.0,4956.0,134.0,66.0,176.0,728.0,1062.0,701.0,23,0,7,4,13,0
2016,Connecticut,169,2162797.0,1675955.0,2823158,169,169,169,0,169,2162797.0,2162797.0,2162797.0,0,2162797.0,1675955.0,1675955.0,1675955.0,0,1675955.0,744.0,744.0,4423.0,0,0,0,0,0,0,169,0,0,0,0,0
2016,District of Columbia,1,493287.0,311841.0,560277,1,1,1,1,1,493287.0,493287.0,493287.0,493287.0,493287.0,311841.0,311841.0,311841.0,311841.0,311841.0,143.0,144.0,2163.0,86.0,151.0,433.0,690.0,495.0,187.0,0,0,1,0,0,0
2016,Delaware,3,642334.0,448217.0,747791,3,3,3,3,2,642334.0,642334.0,642334.0,642334.0,533773.0,448217.0,448217.0,448217.0,448217.0,373040.0,428.0,430.0,4303.0,309.0,303.0,337.0,1401.0,1186.0,767.0,1,0,0,1,0,0
2016,Florida,67,12853866.0,9613669.0,16465727,67,67,67,55,38,12853866.0,12853866.0,12853866.0,11608379.0,6426393.0,9613669.0,9613669.0,9613669.0,8636539.0,4774771.0,5768.0,4929.0,46484.0,218.0,996.0,2542.0,10939.0,12379.0,11436.0,8,1,11,0,18,0
2016,Georgia,159,5463014.0,4147161.0,7798827,159,159,159,159,0,5463014.0,5463014.0,5463014.0,5463014.0,0,4147161.0,4147161.0,4147161.0,4147161.0,0,4515.0,2720.0,20062.0,685.0,1139.0,1695.0,5215.0,6605.0,4451.0,0,0,0,0,0,0
2016,Hawaii,5,666573.0,437697.0,1120541,4,4,4,1,4,666573.0,666573.0,666573.0,80837.0,666573.0,437697.0,437697.0,437697.0,52972.0,437697.0,341.0,329.0,3757.0,112.0,21.0,53.0,146.0,119.0,79.0,0,0,0,4,0,0
2016,Iowa,99,2047368.0,1581371.0,2403962,99,0,89,74,22,2047368.0,0,1937554.0,1669895.0,352736.0,1581371.0,0,1497830.0,1295602.0,261386.0,1681.0,0,10873.0,21.0,145.0,341.0,1439.0,3902.0,3119.0,4,11,1,5,1,0
2016,Idaho,44,936529.0,710495.0,1245967,44,44,44,44,29,936529.0,936529.0,936529.0,936529.0,777105.0,710495.0,710495.0,710495.0,710495.0,589767.0,926.0,833.0,5962.0,28.0,127.0,401.0,1403.0,2578.0,1425.0,15,0,6,2,6,0
2016,Illinois,110,8055096.0,5562009.0,9875430,110,110,110,0,0,8055096.0,8055096.0,8055096.0,0,0,5562009.0,5562009.0,5562009.0,0,0,10098.0,6436.0,51185.0,0,0,0,0,0,0,0,0,0,0,0,0
2016,Indiana,92,4149560.0,2831540.0,5057601,92,89,88,70,80,4149560.0,4046718.0,4029405.0,2754636.0,3721126.0,2831540.0,2760363.0,2748678.0,1893284.0,2527818.0,5382.0,2968.0,19989.0,369.0,326.0,554.0,2486.0,2652.0,2028.0,57,3,3,14,3,0
2016,Kansas,105,1601818.0,1223491.0,2192338,105,105,105,0,105,1601818.0,1601818.0,1601818.0,0,1601818.0,1223491.0,1223491.0,1223491.0,0,1223491.0,4070.0,1182.0,9109.0,0,0,0,0,0,0,0,105,0,0,0,0
2016,Kentucky,120,3306120.0,1949254.0,3426345,120,120,120,120,120,3306120.0,3306120.0,3306120.0,3306120.0,3306120.0,1949254.0,1949254.0,1949254.0,1949254.0,1949254.0,3732.0,2465.0,15071.0,0.0,428.0,1187.0,4575.0,4943.0,3938.0,0,120,0,0,0,0
2016,Louisiana,64,2891902.0,2049802.0,3567717,64,64,64,0,64,2891902.0,2891902.0,2891902.0,0,2891902.0,2049802.0,2049802.0,2049802.0,0,2049802.0,3904.0,2161.0,17133.0,0,0,0,0,0,0,64,0,0,0,0,0
2016,Massachusetts,351,3994635.0,3378801.0,5433677,351,351,0,0,351,3994635.0,3994635.0,0,0,3994635.0,3378801.0,3378801.0,0,0,3378801.0,2174.0,2174.0,0,0,0,0,0,0,0,0,351,0,0,0,0
2016,Maryland,24,3900090.0,2807326.0,4667719,24,24,24,23,18,3900090.0,3900090.0,3900090.0,3873343.0,2694375.0,2807326.0,2807326.0,2807326.0,2786613.0,1952189.0,2032.0,1673.0,32837.0,367.0,1361.0,2827.0,11248.0,10114.0,5769.0,9,0,1,6,2,0
2016,Maine,501,1059270.0,771892.0,1076765,499,499,499,491,484,1059270.0,1059270.0,1059270.0,1058278.0,1057533.0,767843.0,767843.0,767843.0,767635.0,767071.0,557.0,525.0,6271.0,14.0,163.0,533.0,1885.0,2175.0,1480.0,147,6,77,30,89,135
2016,Michigan,83,6748385.0,4874619.0,7737243,83,83,83,83,83,6748385.0,6748385.0,6748385.0,6748385.0,6748385.0,4874619.0,4874619.0,4874619.0,4874619.0,4874619.0,4810.0,3447.0,40461.0,2150.0,2612.0,3938.0,9847.0,13350.0,8564.0,83,0,0,0,0,0
2016,Minnesota,87,3473972.0,2973744.0,4231619,87,87,87,0,87,3473972.0,3473972.0,3473972.0,0,3473972.0,2973744.0,2973744.0,2973744.0,0,2973744.0,4120.0,3003.0,32313.0,0,0,0,0,0,0,0,87,0,0,0,0
2016,Missouri,116,3812576.0,2973855.0,4706137,116,116,114,78,87,3812576.0,3812576.0,3780523.0,2069252.0,3003964.0,2973855.0,2973855.0,2948396.0,1568154.0,2360432.0,4285.0,2748.0,18182.0,324.0,263.0,513.0,2476.0,3911.0,3487.0,48,3,7,8,21,0
2016,Mississippi,82,1888433.0,1209357.0,2267438,82,82,82,0,0,1888433.0,1888433.0,1888433.0,0,0,1209357.0,1209357.0,1209357.0,0,0,1808.0,1808.0,7232.0,0,0,0,0,0,0,0,0,0,0,0,0
2016,Montana,56,574334.0,516901.0,814909,56,56,56,56,50,574334.0,574334.0,574334.0,574334.0,555629.0,516901.0,516901.0,516901.0,516901.0,500501.0,686.0,363.0,3938.0,6.0,105.0,207.0,946.0,1491.0,1183.0,25,4,4,14,3,0
2016,North Carolina,100,5930252.0,4690195.0,7848068,100,100,100,100,80,5930252.0,5930252.0,5930252.0,5930252.0,4173706.0,4690195.0,4690195.0,4690195.0,4690195.0,3271447.0,2660.0,3129.0,26250.0,890.0,869.0,1586.0,7487.0,9191.0,6005.0,51,0,1,14,14,0
2016,North Dakota,53,0.0,349945.0,581641,53,53,50,0,53,0.0,0.0,0.0,0,0.0,349945.0,349945.0,340979.0,0,349945.0,432.0,263.0,1819.0,0,0,0,0,0,0,0,53,0,0,0,0
2016,Nebraska,93,1091951.0,869815.0,1433791,93,93,93,93,75,1091951.0,1091951.0,1091951.0,1091951.0,869160.0,869815.0,869815.0,869815.0,869815.0,687847.0,1376.0,1150.0,8108.0,41.0,32.0,549.0,1710.0,3157.0,2619.0,39,0,5,17,14,0
2016,New Hampshire,320,988398.0,757669.0,1074207,320,320,320,0,320,988398.0,988398.0,988398.0,0,988398.0,757669.0,757669.0,757669.0,0,757669.0,340.0,309.0,2392.0,0,0,0,0,0,0,0,320,0,0,0,0
2016,New Jersey,21,5321542.0,3957303.0,6959717,21,21,21,0,0,5321542.0,5321542.0,5321542.0,0,0,3957303.0,3957303.0,3957303.0,0,0,6338.0,3216.0,29657.0,0,0,0,0,0,0,0,0,0,0,0,0
2016,New Mexico,33,1136059.0,804073.0,1590352,32,30,29,24,29,1129136.0,1019937.0,1092666.0,1024207.0,933672.0,798853.0,722394.0,773153.0,727074.0,652636.0,1488.0,608.0,13309.0,206.0,807.0,1408.0,3059.0,3680.0,2597.0,12,10,2,1,4,0
2016,Nevada,17,1468559.0,1128492.0,2262631,17,17,17,17,12,1468559.0,1468559.0,1468559.0,1468559.0,1381977.0,1128492.0,1128492.0,1128492.0,1128492.0,1052289.0,1963.0,572.0,5472.0,230.0,206.0,371.0,1462.0,1696.0,1506.0,4,0,3,0,5,0
2016,New York,62,16200892.0,7793078.0,15564730,62,62,62,0,43,16200892.0,16200892.0,16200892.0,0,14390907.0,7793078.0,7793078.0,7793078.0,0,6473513.0,15083.0,5313.0,61790.0,0,0,0,0,0,0,25,0,0,16,2,0
2016,Ohio,88,7861025.0,5607641.0,9002201,88,88,88,70,52,7861025.0,7861025.0,7861025.0,6881135.0,5445686.0,5607641.0,5607641.0,5607641.0,4927520.0,3886297.0,8887.0,4320.0,42149.0,1677.0,2262.0,2508.0,10049.0,11688.0,9186.0,38,0,1,3,10,0
2016,Oklahoma,77,1817461.0,1465505.0,2961933,77,77,77,77,77,1817461.0,1817461.0,1817461.0,1817461.0,1817461.0,1465505.0,1465505.0,1465505.0,1465505.0,1465505.0,1958.0,2038.0,6655.0,0.0,37.0,145.0,1022.0,2243.0,3208.0,0,0,0,77,0,0
2016,Oregon,36,2553810.0,2051452.0,3224738,36,36,0,0,0,2553810.0,2553810.0,0,0,0,2051452.0,2051452.0,0,0,0,1343.0,36.0,0,0,0,0,0,0,0,0,0,0,0,0,0
2016,Pennsylvania,67,0.0,6223150.0,10109422,67,67,67,0,0,0.0,0.0,0.0,0,0,6223150.0,6223150.0,6223150.0,0,0,9160.0,9159.0,45618.0,0,0,0,0,0,0,0,0,0,0,0,0
2016,Rhode Island,39,721211.0,469547.0,848045,39,39,39,0,36,721211.0,721211.0,721211.0,0,686510.0,469547.0,469547.0,469547.0,0,446104.0,461.0,461.0,4279.0,0,0,0,0,0,0,19,0,2,9,6,0
2016,South Carolina,46,3157027.0,2124952.0,3863498,46,46,45,45,46,3157027.0,3157027.0,3141608.0,3141608.0,3157027.0,2124952.0,2124952.0,2114187.0,2114187.0,2124952.0,2232.0,2211.0,14730.0,1589.0,0.0,0.0,0.0,0.0,0.0,0,46,0,0,0,0
2016,South Dakota,66,544930.0,372988.0,652167,66,66,66,66,65,544930.0,544930.0,544930.0,544930.0,543925.0,372988.0,372988.0,372988.0,372988.0,372285.0,558.0,527.0,1857.0,0.0,7.0,21.0,193.0,301.0,227.0,59,0,1,1,4,0
2016,Tennessee,95,3534800.0,2545271.0,5149399,95,95,95,95,75,3534800.0,3534800.0,3534800.0,3534800.0,3001901.0,2545271.0,2545271.0,2545271.0,2545271.0,2157229.0,1988.0,2189.0,17073.0,532.0,484.0,790.0,3509.0,6259.0,5499.0,41,0,5,14,15,0
2016,Texas,254,11942651.0,8701152.0,20568009,218,217,212,96,144,11856264.0,11848675.0,11696798.0,3190483.0,9455804.0,8696934.0,8692350.0,8589771.0,2219718.0,7017921.0,8243.0,6383.0,36686.0,226.0,428.0,588.0,1933.0,2444.0,1732.0,84,1,10,26,23,0
2016,Utah,29,1414758.0,1114567.0,2129444,29,29,27,24,0,1414758.0,1414758.0,1408071.0,1097709.0,0,1114567.0,1114567.0,1109138.0,896270.0,0,2236.0,370.0,1885.0,1.0,31.0,112.0,378.0,255.0,122.0,0,0,0,0,0,0
2016,Virginia,133,5066666.0,3996302.0,6541685,133,133,133,0,0,5066666.0,5066666.0,5066666.0,0,0,3996302.0,3996302.0,3996302.0,0,0,2452.0,2433.0,22417.0,0,0,0,0,0,0,0,0,0,0,0,0
2016,Vermont,246,440347.0,323623.0,506066,246,246,246,246,0,440347.0,440347.0,440347.0,440347.0,0,323623.0,323623.0,323623.0,323623.0,0,273.0,507.0,245.0,0.0,6.0,7.0,49.0,65.0,112.0,0,0,0,0,0,0
2016,Washington,39,4277499.0,3363452.0,5658502,39,39,38,35,22,4277499.0,4277499.0,2989172.0,2020375.0,2356694.0,3363452.0,3363452.0,2321829.0,1577696.0,1881805.0,7165.0,59.0,1461.0,1.0,34.0,54.0,141.0,231.0,272.0,2,4,9,4,3,0
2016,Wisconsin,1854,3768373.0,2993000.0,4491015,1854,1854,1854,1854,1178,3768373.0,3768373.0,3768373.0,3768373.0,2525144.0,2993000.0,2993000.0,2993000.0,2993000.0,1989715.0,3636.0,2578.0,39888.0,779.0,981.0,1826.0,8158.0,15543.0,12717.0,480,8,223,142,325,0
2016,West Virginia,55,1142180.0,732362.0,1456034,50,50,50,55,35,1041977.0,1041977.0,1041977.0,1142180.0,695159.0,664612.0,664612.0,664612.0,732362.0,436392.0,1582.0,1368.0,8581.0,0.0,265.0,852.0,1832.0,1771.0,1039.0,24,0,1,6,4,0
2016,Wyoming,23,284203.0,256553.0,446600,23,23,23,23,22,284203.0,284203.0,284203.0,284203.0,268263.0,256553.0,256553.0,256553.0,256553.0,241875.0,482.0,234.0,2183.0,28.0,34.0,122.0,517.0,1019.0,463.0,14,0,0,6,2,0
2014,Alabama,67,2873356.0,2986782.0,3741806,67,67,0,0,0,2873356.0,2873356.0,0,0,0,2986782.0,2986782.0,0,0,0,2527.0,2252.0,0,0,0,0,0,0,0,0,0,0,0,0,0
2014,Alaska,1,509011.0,289060.0,550189,1,1,1,0,1,509011.0,509011.0,509011.0,0,509011.0,289060.0,289060.0,289060.0,0,289060.0,441.0,630.0,2716.0,0,0,0,0,0,0,1,0,0,0,0,0
2014,Arizona,15,3235901.0,1537671.0,5109792,15,15,14,7,15,3235901.0,3235901.0,3189720.0,2377003.0,3235901.0,1537671.0,1537671.0,1516347.0,1105160.0,1537671.0,1566.0,1455.0,9203.0,183.0,128.0,307.0,670.0,1955.0,2175.0,7,0,0,1,4,3
2014,Arkansas,75,1453485.0,856194.0,2259350,75,75,72,26,75,1453485.0,1453485.0,1421211.0,217334.0,1453485.0,856194.0,856194.0,837859.0,133618.0,856194.0,2966.0,1611.0,8443.0,0.0,28.0,111.0,407.0,694.0,777.0,43,0,3,8,8,13
2014,California,58,17785313.0,7563789.0,29649348,58,58,57,40,56,17785313.0,17785313.0,17773279.0,16096745.0,17771047.0,7563789.0,7563789.0,7557636.0,6747995.0,7556009.0,23970.0,12444.0,81146.0,9101.0,6930.0,7740.0,20871.0,15562.0,12254.0,23,0,3,9,10,11
2014,Colorado,64,2889034.0,2075858.0,4109494,64,64,64,31,64,2889034.0,2889034.0,2889034.0,1849752.0,2889034.0,2075858.0,2075858.0,2075858.0,1350916.0,2075858.0,2895.0,301.0,3974.0,99.0,64.0,163.0,707.0,896.0,455.0,21,0,13,4,8,18
2014,Connecticut,169,1968094.0,1096556.0,2821247,169,169,169,0,169,1968094.0,1968094.0,1968094.0,0,1968094.0,1096556.0,1096556.0,1096556.0,0,1096556.0,744.0,744.0,4423.0,0,0,0,0,0,0,169,0,0,0,0,0
2014,Delaware,3,596284.0,238110.0,731367,3,3,3,2,3,596284.0,596284.0,596284.0,463205.0,596284.0,238110.0,238110.0,238110.0,175468.0,238110.0,431.0,290.0,4060.0,481.0,168.0,199.0,1017.0,723.0,608.0,1,0,0,0,1,1
2014,District of Columbia,1,456633.0,177377.0,543588,1,1,1,1,1,456633.0,456633.0,456633.0,456633.0,456633.0,177377.0,177377.0,177377.0,177377.0,177377.0,143.0,150.0,1743.0,0.02,0.1,0.19,0.39,0.22,0.09,1,0,0,0,0,0
2014,Florida,67,11869224.0,6055157.0,15839713,67,67,67,60,63,11869224.0,11869224.0,11869224.0,9552701.0,11434432.0,6055157.0,6055157.0,6055157.0,4979626.0,5806742.0,5915.0,4909.0,41902.0,80.0,803.0,1905.0,8757.0,9600.0,10408.0,10,0,10,1,16,26
2014,Georgia,159,5158372.0,2595679.0,7604061,159,159,150,149,0,5158372.0,5158372.0,4915412.0,4868485.0,0,2595679.0,2595679.0,2472819.0,2451012.0,0,4504.0,3096.0,16379.0,369.0,903.0,1422.0,4299.0,5253.0,3727.0,0,0,0,0,0,0
2014,Hawaii,5,630640.0,489908.0,1111117,4,4,4,0,4,630640.0,630640.0,630640.0,0,206980.0,489908.0,489908.0,489908.0,0,120266.0,245.0,242.0,5423.0,0,0,0,0,0,0,0,0,0,4,0,0
2014,Idaho,44,793709.0,445307.0,1203384,44,44,44,44,44,793709.0,793709.0,793709.0,793709.0,793709.0,445307.0,445307.0,445307.0,445307.0,445307.0,927.0,780.0,5134.0,19.0,111.0,319.0,1489.0,1824.0,1372.0,18,0,5,0,7,14
2014,Illinois,110,7333048.0,0.0,9892106,107,107,105,0,0,7321419.0,7321419.0,7297248.0,0,0,0.0,0.0,0.0,0,0,10010.0,6304.0,44537.0,0,0,0,0,0,0,0,0,0,0,0,0
2014,Indiana,92,3855819.0,1388370.0,5014928,92,79,78,14,78,3855819.0,3520355.0,3503583.0,1339066.0,3503583.0,1388370.0,1246069.0,1237614.0,428800.0,1237614.0,5383.0,2693.0,18308.0,233.0,241.0,523.0,1495.0,1307.0,947.0,36,1,2,13,8,18
2014,Iowa,99,1937709.0,1142311.0,2381172,99,99,99,0,99,1937709.0,1937709.0,1937709.0,0,1937709.0,1142311.0,1142311.0,1142311.0,0,1142311.0,1682.0,1781.0,8613.0,0,0,0,0,0,0,0,0,0,0,0,99
2014,Kansas,105,1560327.0,879357.0,2181355,105,105,105,0,105,1560327.0,1560327.0,1560327.0,0,1560327.0,879357.0,879357.0,879357.0,0,879357.0,3479.0,1308.0,7187.0,0,0,0,0,0,0,0,105,0,0,0,0
2014,Kentucky,120,3147100.0,1459409.0,3400843,120,120,120,0,120,3147100.0,3147100.0,3147100.0,0,3147100.0,1459409.0,1459409.0,1459409.0,0,1459409.0,3735.0,2465.0,14940.0,0,0,0,0,0,0,0,0,0,120,0,0
2014,Louisiana,64,2772069.0,1503975.0,3536183,64,64,64,0,64,2772069.0,2772069.0,2772069.0,0,2772069.0,1503975.0,1503975.0,1503975.0,0,1503975.0,4019.0,2211.0,16900.0,0,0,0,0,0,0,64,0,0,0,0,0
2014,Maine,501,989331.0,616967.0,1071112,500,500,490,490,490,989331.0,989331.0,988302.0,988302.0,988302.0,616191.0,616191.0,615891.0,615891.0,615891.0,559.0,530.0,5082.0,29.0,86.0,376.0,1497.0,1728.0,1366.0,131,1,109,40,89,120
2014,Maryland,24,3701665.0,1745104.0,4625863,24,24,24,24,24,3701665.0,3701665.0,3701665.0,3701665.0,3701665.0,1745104.0,1745104.0,1745104.0,1745104.0,1745104.0,2028.0,1667.0,22639.0,130.0,935.0,1816.0,8444.0,7100.0,4214.0,11,0,4,1,5,3
2014,Massachusetts,351,3769892.0,2186792.0,5354940,351,351,351,0,0,3769892.0,3769892.0,3769892.0,0,0,2186792.0,2186792.0,2186792.0,0,0,2175.0,1370.0,13164.0,0,0,0,0,0,0,0,0,0,0,0,0
2014,Michigan,83,6578733.0,3188956.0,7686087,83,83,83,83,0,6578733.0,6578733.0,6578733.0,6578733.0,0,3188956.0,3188956.0,3188956.0,3188956.0,0,4828.0,3494.0,31546.0,928.0,1445.0,2241.0,9024.0,10234.0,7674.0,0,0,0,0,0,0
2014,Minnesota,87,3197751.0,1996905.0,4175347,87,87,87,0,87,3197751.0,3197751.0,3197751.0,0,3197751.0,1996905.0,1996905.0,1996905.0,0,1996905.0,4106.0,3174.0,28665.0,0,0,0,0,0,0,0,87,0,0,0,0
2014,Mississippi,82,1423206.0,482939.0,2262810,64,63,56,10,61,1417453.0,1417453.0,1198000.0,201717.0,1319017.0,482939.0,480040.0,412549.0,74072.0,449299.0,1376.0,1335.0,6721.0,0.0,38.0,846.0,298.0,334.0,263.0,16,1,5,5,16,18
2014,Missouri,116,3627153.0,1509025.0,4670966,116,116,114,72,115,3627153.0,3627153.0,3522941.0,2191016.0,3594191.0,1509025.0,1509025.0,1463799.0,905709.0,1496027.0,3774.0,2834.0,15931.0,150.0,192.0,388.0,2457.0,3536.0,3376.0,55,0,6,8,13,33
2014,Montana,56,555005.0,373831.0,798555,56,56,56,56,56,555005.0,555005.0,555005.0,555005.0,555005.0,373831.0,373831.0,373831.0,373831.0,373831.0,693.0,377.0,3809.0,15.0,54.0,205.0,977.0,1462.0,1096.0,19,0,1,19,6,11
2014,Nebraska,93,1017575.0,551895.0,1414894,93,93,93,93,93,1017575.0,1017575.0,1017575.0,1017575.0,1017575.0,551895.0,551895.0,551895.0,551895.0,551895.0,1375.0,1284.0,6976.0,69.0,68.0,334.0,1543.0,2318.0,2644.0,43,0,6,9,20,15
2014,Nevada,17,1212051.0,552546.0,2175874,17,17,17,17,17,1212051.0,1212051.0,1212051.0,1212051.0,1212051.0,552546.0,552546.0,552546.0,552546.0,552546.0,2008.0,552.0,4455.0,209.0,114.0,258.0,1146.0,1209.0,965.0,5,0,3,0,4,5
2014,New Hampshire,320,877514.0,496291.0,1059672,320,320,320,0,320,877514.0,877514.0,877514.0,0,877514.0,496291.0,496291.0,496291.0,0,496291.0,337.0,307.0,2392.0,0,0,0,0,0,0,0,320,0,0,0,0
2014,New Jersey,21,4943194.0,1947512.0,6926094,21,21,17,0,21,4943194.0,4943194.0,3748210.0,0,4943194.0,1947512.0,1947512.0,1474366.0,0,1947512.0,6778.0,3409.0,21142.0,0,0,0,0,0,0,0,21,0,0,0,0
2014,New Mexico,33,1002610.0,494165.0,1583623,33,33,33,0,0,1002610.0,1002610.0,1002610.0,0,0,494165.0,494165.0,494165.0,0,0,1487.0,759.0,3550.0,0,0,0,0,0,0,0,0,0,0,0,0
2014,New York,62,10827434.0,3930310.0,15517321,61,61,62,0,62,9882277.0,9882277.0,10827434.0,0,10827434.0,3604100.0,3604100.0,3930310.0,0,3930310.0,13880.0,5004.0,57812.0,0,0,0,0,0,0,62,0,0,0,0,0
2014,North Carolina,100,5873618.0,2918052.0,7656415,100,100,100,100,100,5873618.0,5873618.0,5873618.0,5873618.0,5873618.0,2918052.0,2918052.0,2918052.0,2918052.0,2918052.0,2726.0,3194.0,19296.0,239.0,403.0,1105.0,5919.0,6927.0,4703.0,64,0,0,16,5,15
2014,North Dakota,53,0.0,249128.0,570955,53,53,53,0,53,0.0,0.0,0.0,0,0.0,249128.0,249128.0,249128.0,0,249128.0,427.0,286.0,1910.0,0,0,0,0,0,0,0,53,0,0,0,0
2014,Ohio,88,6374206.0,3149876.0,8955859,88,88,88,56,88,6374206.0,6374206.0,6374206.0,5099607.0,6374206.0,3149876.0,3149876.0,3149876.0,2521040.0,3149876.0,9160.0,4528.0,41524.0,1524.0,1888.0,1777.0,9825.0,10002.0,8252.0,43,0,2,10,12,21
2014,Oklahoma,77,1632500.0,825607.0,2925352,77,77,77,77,77,1632500.0,1632500.0,1632500.0,1632500.0,1632500.0,825607.0,825607.0,825607.0,825607.0,825607.0,1958.0,2024.0,6241.0,0.0,36.0,108.0,922.0,2059.0,3116.0,0,77,0,0,0,0
2014,Oregon,36,2174763.0,1541782.0,3112217,36,36,0,0,0,2174763.0,2174763.0,0,0,0,1541782.0,1541782.0,0,0,0,1397.0,36.0,0,0,0,0,0,0,0,0,0,0,0,0,0
2014,Pennsylvania,67,7322470.0,3535576.0,10086316,67,67,0,0,0,7322470.0,7322470.0,0,0,0,3535576.0,3535576.0,0,0,0,9177.0,9188.0,0,0,0,0,0,0,0,0,0,0,0,0,0
2014,Rhode Island,39,691804.0,329687.0,842321,39,39,39,0,39,691804.0,691804.0,691804.0,0,691804.0,329687.0,329687.0,329687.0,0,329687.0,459.0,459.0,3797.0,0,0,0,0,0,0,17,0,1,8,11,2
2014,South Carolina,46,2881293.0,1261611.0,3747734,46,46,46,46,46,2881293.0,2881293.0,2881293.0,2881293.0,2881293.0,1261611.0,1261611.0,1261611.0,1261611.0,1261611.0,2220.0,1929.0,13489.0,1153.0,0.0,0.0,0.0,0.0,0.0,0,46,0,0,0,0
2014,South Dakota,66,521030.0,282741.0,642768,66,66,28,0,66,521030.0,521030.0,339744.0,0,521030.0,282741.0,282741.0,178844.0,0,282741.0,776.0,657.0,1597.0,0,0,0,0,0,0,60,0,1,1,3,1
2014,Tennessee,95,3453397.0,1430117.0,5054826,95,95,95,90,95,3453397.0,3453397.0,3453397.0,3199438.0,3453397.0,1430117.0,1430117.0,1430117.0,1328927.0,1430117.0,2063.0,2174.0,15079.0,136.0,404.0,681.0,3148.0,5016.0,4368.0,48,0,4,15,5,23
2014,Texas,254,12298251.0,4724250.0,19841344,243,243,231,110,246,12144448.0,12144448.0,12052561.0,2268791.0,12205631.0,4719477.0,4719477.0,4690593.0,870188.0,4719477.0,8880.0,7068.0,31542.0,91.0,145.0,479.0,1303.0,1939.0,1838.0,112,6,9,44,22,53
2014,Utah,29,1246191.0,383769.0,2038787,29,29,29,0,0,1246191.0,1246191.0,1246191.0,0,0,383769.0,383769.0,383769.0,0,0,2184.0,2695.0,10974.0,0,0,0,0,0,0,0,0,0,0,0,0
2014,Vermont,246,412872.0,202445.0,504976,246,246,246,246,241,412872.0,412872.0,412872.0,412872.0,404263.0,202445.0,202445.0,202445.0,202445.0,197029.0,278.0,393.0,2678.0,13.0,13.0,63.0,602.0,756.0,344.0,44,18,68,3,54,54
2014,Virginia,133,4865892.0,2187348.0,6457174,133,133,130,125,133,4865892.0,4865892.0,4831686.0,4444764.0,4865892.0,2187348.0,2187348.0,2173512.0,1994159.0,2187348.0,2440.0,2432.0,18321.0,648.0,422.0,1021.0,5042.0,5818.0,3911.0,56,5,12,7,15,38
2014,Washington,39,3922378.0,2125259.0,5458809,39,39,37,10,32,3922378.0,3922378.0,3573637.0,2028860.0,3303933.0,2125259.0,2125259.0,1925537.0,1095899.0,1814461.0,7537.0,52.0,235.0,0.0,4.0,8.0,68.0,40.0,16.0,4,5,18,1,0,4
2014,West Virginia,55,1113298.0,462864.0,1470179,55,55,55,55,55,1113298.0,1113298.0,1113298.0,1113298.0,1113298.0,462864.0,462864.0,462864.0,462864.0,462864.0,1785.0,1626.0,9455.0,0.0,168.0,569.0,1577.0,1486.0,973.0,16,0,2,12,9,16
2014,Wisconsin,3589,3801533.0,2422248.0,4457375,3589,3589,3589,3589,3589,3801533.0,3801533.0,3801533.0,3801533.0,3801533.0,2422248.0,2422248.0,2422248.0,2422248.0,2422248.0,3589.0,3589.0,32815.0,397.0,451.0,1450.0,6974.0,12598.0,10733.0,902,0,344,870,376,1097
2014,Wyoming,23,264930.0,171153.0,445830,23,23,23,23,23,264930.0,264930.0,264930.0,264930.0,264930.0,171153.0,171153.0,171153.0,171153.0,171153.0,482.0,290.0,2061.0,19.0,18.0,55.0,481.0,814.0,423.0,14,0,1,5,1,2
2012,Alaska,1,506432.0,302465.0,544349,1,1,1,0,1,506432.0,506432.0,506432.0,0,506432.0,302465.0,302465.0,302465.0,0,302465.0,438.0,533.0,2499.0,0,0,0,0,0,0,1,0,0,0,0,0
2012,Alabama,67,2833938.0,2083309.0,3697617,67,67,0,0,67,2833938.0,2833938.0,0,0,2833938.0,2083309.0,2083309.0,0,0,2083309.0,2527.0,2252.0,0,0,0,0,0,0,0,0,67,0,0,0,0
2012,Arkansas,75,1282491.0,1080809.0,2238250,75,75,72,23,75,1282491.0,1282491.0,1200144.0,176308.0,1282491.0,1080809.0,1080809.0,1008920.0,149280.0,1080809.0,2747.0,1631.0,9346.0,2.0,28.0,105.0,408.0,710.0,692.0,25,3,8,4,18,17
2012,Arizona,15,3124712.0,2323579.0,4932361,15,15,15,8,15,3124712.0,3124712.0,3124712.0,2380577.0,3124712.0,2323579.0,2323579.0,2323579.0,1773695.0,2323579.0,1667.0,1537.0,11700.0,229.0,280.0,395.0,1763.0,2405.0,1951.0,6,0,1,0,1,7
2012,California,58,18255385.0,13096097.0,28801211,58,57,57,42,54,18255385.0,18253059.0,18253059.0,13744207.0,17519852.0,13096097.0,13094275.0,13094275.0,9793815.0,12548256.0,24349.0,14686.0,89440.0,12750.0,5246.0,7701.0,18701.0,10980.0,8242.0,19,0,5,4,9,17
2012,Colorado,64,2612360.0,2594628.0,3956224,64,64,64,35,64,2612360.0,2612360.0,2612360.0,963885.0,2612360.0,2594628.0,2594628.0,2594628.0,956288.0,2594628.0,2917.0,1237.0,10790.0,437.0,175.0,281.0,1345.0,1301.0,835.0,33,0,1,6,12,12
2012,Connecticut,169,2081650.0,1560640.0,2796789,169,169,169,0,169,2081650.0,2081650.0,2081650.0,0,2081650.0,1560640.0,1560640.0,1560640.0,0,1560640.0,744.0,744.0,4464.0,0,0,0,0,0,0,169,0,0,0,0,0
2012,District of Columbia,1,483600.0,294254.0,522843,1,1,1,1,1,483600.0,483600.0,483600.0,483600.0,483600.0,294254.0,294254.0,294254.0,294254.0,294254.0,151.0,151.0,1708.0,2.0,238.0,138.0,697.0,362.0,194.0,0,0,0,0,0,1
2012,Delaware,3,594200.0,417631.0,712042,3,3,3,3,3,594200.0,594200.0,594200.0,594200.0,594200.0,417631.0,417631.0,417631.0,417631.0,417631.0,432.0,285.0,4129.0,228.0,293.0,298.0,1460.0,1028.0,822.0,3,0,0,0,0,0
2012,Florida,67,11934446.0,8557692.0,15315088,67,67,67,51,67,11934446.0,11934446.0,11934446.0,8038308.0,11934446.0,8557692.0,8557692.0,8557692.0,5821535.0,8557692.0,6242.0,4928.0,52086.0,128.0,1556.0,2488.0,10367.0,11142.0,11414.0,13,0,13,2,16,23
2012,Georgia,159,5389596.0,3910557.0,7429820,159,0,0,0,0,5389596.0,0,0,0,0,3910557.0,0,0,0,0,2850.0,0,0,0,0,0,0,0,0,0,0,0,0,0,0
2012,Hawaii,5,638883.0,436774.0,1089302,4,4,3,4,5,638883.0,638883.0,562643.0,638883.0,638883.0,436774.0,436774.0,387859.0,436774.0,436774.0,247.0,240.0,2583.0,315.0,301.0,245.0,1005.0,703.0,401.0,2,1,0,2,0,0
2012,Iowa,99,1960086.0,1589951.0,2351233,99,99,99,0,99,1960086.0,1960086.0,1960086.0,0,1960086.0,1589951.0,1589951.0,1589951.0,0,1589951.0,1688.0,1787.0,9821.0,0,0,0,0,0,0,0,99,0,0,0,0
2012,Idaho,44,895834.0,666290.0,1169075,44,44,44,43,44,895834.0,895834.0,895834.0,870122.0,895834.0,666290.0,666290.0,666290.0,647293.0,666290.0,924.0,807.0,5860.0,30.0,182.0,450.0,1670.0,1765.0,1563.0,16,0,8,3,5,12
2012,Illinois,110,7505775.0,5339488.0,9811190,110,110,110,0,0,7505775.0,7505775.0,7505775.0,0,0,5339488.0,5339488.0,5339488.0,0,0,10088.0,6520.0,49357.0,0,0,0,0,0,0,0,0,0,0,0,0
2012,Indiana,92,4407876.0,2663373.0,4945857,92,92,81,56,83,4407876.0,4407876.0,4022090.0,2672845.0,4183194.0,2663373.0,2663373.0,2439287.0,1625781.0,2529403.0,5353.0,3976.0,22427.0,61.0,247.0,405.0,1782.0,1733.0,1527.0,34,3,3,16,6,21
2012,Kansas,105,0.0,1115281.0,2161601,105,105,105,0,0,0.0,0.0,0.0,0,0,1115281.0,1115281.0,1115281.0,0,0,3565.0,1308.0,8374.0,0,0,0,0,0,0,0,0,0,0,0,0
2012,Kentucky,120,3037153.0,1815896.0,3362177,120,120,120,0,120,3037153.0,3037153.0,3037153.0,0,3037153.0,1815896.0,1815896.0,1815896.0,0,1815896.0,3632.0,2506.0,15290.0,0,0,0,0,0,0,0,0,0,120,0,0
2012,Louisiana,64,2786355.0,2014511.0,3484090,64,64,64,0,64,2786355.0,2786355.0,2786355.0,0,2786355.0,2014511.0,2014511.0,2014511.0,0,2014511.0,4267.0,2256.0,17782.0,0,0,0,0,0,0,64,0,0,0,0,0
2012,Massachusetts,351,3670305.0,3184196.0,5244729,351,351,348,0,4,3670305.0,3670305.0,3651299.0,0,341543.0,3184196.0,3184196.0,3167526.0,0,278724.0,2164.0,1353.0,18946.0,0,0,0,0,0,0,0,0,0,1,3,0
2012,Maryland,24,3694658.0,2734189.0,4540763,24,24,24,23,24,3694658.0,3694658.0,3694658.0,3635794.0,3694658.0,2734189.0,2734189.0,2734189.0,2688275.0,2734189.0,1865.0,1636.0,23603.0,252.0,1017.0,1937.0,8874.0,6800.0,3798.0,6,0,3,4,6,5
2012,Maine,500,984750.0,723565.0,1063274,494,494,494,494,481,981824.0,981824.0,981064.0,981064.0,960307.0,723565.0,723565.0,723529.0,723529.0,718338.0,558.0,537.0,5956.0,20.0,106.0,409.0,2139.0,1918.0,1364.0,164,1,81,32,81,122
2012,Michigan,83,6537332.0,4780701.0,7616490,83,83,83,83,83,6537332.0,6537332.0,6537332.0,6537332.0,6537332.0,4780701.0,4780701.0,4780701.0,4780701.0,4780701.0,5454.0,3688.0,37206.0,1349.0,2201.0,2954.0,10899.0,11877.0,7926.0,0,0,0,0,0,83
2012,Minnesota,87,3387783.0,2950780.0,4102991,87,87,87,0,87,3387783.0,3387783.0,3387783.0,0,3387783.0,2950780.0,2950780.0,2950780.0,0,2950780.0,4103.0,2936.0,27602.0,0,0,0,0,0,0,3,26,3,1,24,30
2012,Missouri,116,3738791.0,2840776.0,4618513,116,116,112,0,115,3738791.0,3738791.0,3681172.0,0,3723968.0,2840776.0,2840776.0,2799215.0,0,2829397.0,4615.0,2913.0,21588.0,0,0,0,0,0,0,50,0,3,9,15,38
2012,Mississippi,82,1328196.0,889914.0,2239593,63,63,57,16,59,1320296.0,1320296.0,1068226.0,294225.0,1151759.0,889914.0,889914.0,725522.0,223612.0,796046.0,1376.0,1396.0,6974.0,0.0,63.0,137.0,397.0,587.0,494.0,19,1,10,1,11,17
2012,Montana,56,553048.0,491966.0,783161,56,56,56,56,56,553048.0,553048.0,553048.0,553048.0,553048.0,491966.0,491966.0,491966.0,491966.0,491966.0,794.0,422.0,4201.0,20.0,63.0,245.0,1217.0,1465.0,1191.0,29,3,2,8,5,9
2012,North Carolina,100,5986515.0,4539729.0,7465545,100,100,100,68,100,5986515.0,5986515.0,5986515.0,4306109.0,5986515.0,4539729.0,4539729.0,4539729.0,3276031.0,4539729.0,2756.0,3121.0,23020.0,384.0,436.0,970.0,4822.0,5163.0,3758.0,50,0,3,9,13,25
2012,North Dakota,53,0.0,326239.0,545020,53,53,45,0,53,0.0,0.0,0.0,0,0.0,326239.0,326239.0,187266.0,0,326239.0,426.0,297.0,1286.0,0,0,0,0,0,0,0,53,0,0,0,0
2012,Nebraska,93,1035285.0,815568.0,1392120,93,93,93,93,93,1035285.0,1035285.0,1035285.0,1035285.0,1035285.0,815568.0,815568.0,815568.0,815568.0,815568.0,1394.0,1182.0,8322.0,92.0,90.0,492.0,2319.0,2609.0,2701.0,38,0,14,13,14,14
2012,New Hampshire,320,878135.0,714455.0,1045878,316,316,316,0,316,877304.0,877304.0,877304.0,0,877304.0,714455.0,714455.0,714455.0,0,714455.0,332.0,303.0,2360.0,0,0,0,0,0,0,0,316,0,0,0,0
2012,New Jersey,21,5016550.0,3677463.0,6838206,21,21,0,0,21,5016550.0,5016550.0,0,0,5016550.0,3677463.0,3677463.0,0,0,3677463.0,6440.0,3409.0,0,0,0,0,0,0,0,0,21,0,0,0,0
2012,New Mexico,33,541077.0,679080.0,1571096,27,27,25,16,23,534744.0,516960.0,480783.0,356679.0,408858.0,678473.0,679080.0,651644.0,568012.0,603377.0,1393.0,856.0,7671.0,170.0,705.0,1086.0,2346.0,1404.0,913.0,5,2,3,1,6,6
2012,Nevada,17,1258409.0,1017772.0,2095348,17,17,17,16,17,1258409.0,1258409.0,1258409.0,1232409.0,1258409.0,1017772.0,1017772.0,1017772.0,994403.0,1017772.0,1935.0,556.0,5165.0,253.0,248.0,346.0,1378.0,1570.0,1119.0,6,0,3,0,3,5
2012,New York,62,5403806.0,7128852.0,15307107,57,57,57,0,62,2842899.0,2842899.0,2842899.0,0,5403806.0,4694195.0,4694195.0,4694195.0,0,7128852.0,13966.0,5111.0,82811.0,0,0,0,0,0,0,0,0,0,0,0,62
2012,Ohio,88,6621906.0,5632423.0,8880551,88,88,88,54,88,6621906.0,6621906.0,6621906.0,4909520.0,6621906.0,5632423.0,5632423.0,5632423.0,4200446.0,5632423.0,9242.0,4779.0,45556.0,2107.0,1978.0,1971.0,10017.0,9729.0,7723.0,41,0,2,1,18,26
2012,Oklahoma,77,1811650.0,1343380.0,2877457,77,77,77,0,77,1811650.0,1811650.0,1811650.0,0,1811650.0,1343380.0,1343380.0,1343380.0,0,1343380.0,1958.0,2021.0,7489.0,0,0,0,0,0,0,0,77,0,0,0,0
2012,Oregon,36,2199360.0,1820507.0,3038729,36,36,36,0,36,2199360.0,2199360.0,2199360.0,0,2199360.0,1820507.0,1820507.0,1820507.0,0,1820507.0,1399.0,36.0,1402.0,0,0,0,0,0,0,0,0,36,0,0,0
2012,Pennsylvania,67,7771517.0,5783621.0,10024150,67,67,0,0,67,7771517.0,7771517.0,0,0,7771517.0,5783621.0,5783621.0,0,0,5783621.0,9249.0,9283.0,0,0,0,0,0,0,0,0,67,0,0,0,0
2012,Rhode Island,39,661028.0,451593.0,833818,39,39,39,0,39,661028.0,661028.0,661028.0,0,661028.0,451593.0,451593.0,451593.0,0,451593.0,453.0,453.0,3016.0,0,0,0,0,0,0,10,0,7,9,3,10
2012,South Carolina,46,2875121.0,1981516.0,3643633,46,46,46,45,0,2875121.0,2875121.0,2875121.0,2588683.0,0,1981516.0,1981516.0,1981516.0,1786850.0,0,2145.0,2191.0,13213.0,825.0,0.0,0.0,0.0,0.0,0.0,0,0,0,0,0,0
2012,South Dakota,66,393379.0,368816.0,629185,66,65,66,66,66,393379.0,393379.0,393379.0,393379.0,393379.0,368816.0,368194.0,368816.0,368816.0,368816.0,785.0,602.0,2827.0,0.0,12.0,48.0,296.0,320.0,259.0,23,0,1,4,16,22
2012,Tennessee,95,3571628.0,2480182.0,4962227,95,95,95,93,95,3571628.0,3571628.0,3571628.0,3326992.0,3571628.0,2480182.0,2480182.0,2480182.0,2324832.0,2480182.0,2089.0,2204.0,15879.0,291.0,454.0,723.0,3489.0,5421.0,4516.0,40,3,4,14,14,20
2012,Texas,254,11845118.0,7993851.0,19073564,254,234,231,0,253,11845118.0,10494505.0,10395443.0,0,11838496.0,7993851.0,6914479.0,6841817.0,0,7991448.0,9142.0,6399.0,36019.0,0,0,0,0,0,0,46,18,19,23,46,101
2012,Utah,29,1325786.0,1023036.0,1967315,29,0,10,0,0,1325786.0,0,1015795.0,0,0,1023036.0,0,791154.0,0,0,2105.0,0,4850.0,0,0,0,0,0,0,0,0,0,0,0,0
2012,Virginia,134,4847630.0,3896846.0,6329130,134,66,134,126,0,4847630.0,3180593.0,4847630.0,4582596.0,0,3896846.0,2561344.0,3896846.0,3676551.0,0,632.0,694.0,24691.0,332.0,1124.0,1731.0,7533.0,7750.0,4189.0,0,0,0,0,0,0
2012,Vermont,246,394636.0,304509.0,502060,238,244,221,132,240,387214.0,392168.0,365116.0,186756.0,385639.0,299258.0,302720.0,281610.0,140838.0,298189.0,262.0,459.0,3055.0,21.0,21.0,95.0,598.0,585.0,273.0,35,3,77,3,48,74
2012,Washington,39,3904959.0,3206490.0,5312045,39,39,39,38,30,3904959.0,3904959.0,3904959.0,2734321.0,3730289.0,3206490.0,3206490.0,3206490.0,2212582.0,3064872.0,6975.0,62.0,782.0,0.0,32.0,67.0,161.0,107.0,65.0,8,0,9,0,6,7
2012,Wisconsin,3541,3987248.0,3078135.0,4408841,3541,3541,3541,3541,3538,3987248.0,3987248.0,3987248.0,3987248.0,3987248.0,3078135.0,3078135.0,3078135.0,3078135.0,3078135.0,3541.0,3541.0,34902.0,543.0,567.0,1611.0,8121.0,13442.0,10457.0,585,0,486,909,599,959
2012,West Virginia,55,1166161.0,685099.0,1471372,55,55,37,12,37,1166161.0,1166161.0,812285.0,217223.0,821367.0,685099.0,685099.0,470133.0,123942.0,474676.0,1853.0,1896.0,7263.0,0.0,92.0,238.0,638.0,700.0,228.0,12,0,5,4,6,10
2012,Wyoming,23,240438.0,250701.0,440922,23,23,23,20,23,240438.0,240438.0,240438.0,174306.0,240438.0,250701.0,250701.0,250701.0,182403.0,250701.0,482.0,306.0,2449.0,14.0,28.0,93.0,669.0,655.0,362.0,18,0,0,1,3,1
2010,Alaska,1,494876.0,261128.0,527205,1,1,1,0,1,494876.0,494876.0,494876.0,0,494876.0,261128.0,261128.0,261128.0,0,261128.0,438.0,521.0,2572.0,0,0,0,0,0,0,1,0,0,0,0,0
2010,Alabama,67,2586282.0,1503232.0,3599303,67,67,0,0,67,2586282.0,2586282.0,0,0,2586282.0,1503232.0,1503232.0,0,0,1503232.0,2527.0,2252.0,0,0,0,0,0,0,0,0,67,0,0,0,0
2010,Arkansas,75,1326681.0,789773.0,2195465,75,75,74,36,75,1326681.0,1326681.0,1321919.0,486274.0,1326681.0,789773.0,789773.0,786291.0,289569.0,789773.0,2584.0,1751.0,10251.0,0.0,73.0,204.0,853.0,1677.0,1363.0,21,1,3,6,18,26
2010,Arizona,15,3146418.0,1750840.0,4940296,15,15,15,8,15,3146418.0,3146418.0,3146418.0,2359383.0,3146418.0,1750840.0,1750840.0,1750840.0,1272234.0,1750840.0,2239.0,1830.0,15076.0,386.0,514.0,565.0,2587.0,3024.0,2708.0,7,0,1,1,1,5
2010,California,58,17299347.0,10529134.0,27795779,58,58,58,44,57,17299347.0,17299347.0,17299347.0,13934922.0,17297049.0,10529134.0,10529134.0,10529134.0,8530375.0,10527253.0,24285.0,14643.0,82508.0,10408.0,5292.0,5329.0,19012.0,14150.0,11937.0,17,1,10,4,13,12
2010,Colorado,64,2477202.0,1828323.0,3865036,64,64,62,43,47,2477202.0,2477202.0,2463390.0,2304386.0,1407367.0,1828323.0,1828323.0,1817862.0,1697587.0,1032539.0,3328.0,1612.0,10001.0,673.0,203.0,356.0,1731.0,1590.0,1192.0,15,0,3,14,9,6
2010,Connecticut,169,2026874.0,1153872.0,2727907,169,169,169,0,169,2026874.0,2026874.0,2026874.0,0,2026874.0,1153872.0,1153872.0,1153872.0,0,1153872.0,744.0,744.0,4464.0,0,0,0,0,0,0,169,0,0,0,0,0
2010,District of Columbia,1,454695.0,135846.0,494192,1,1,1,1,1,454695.0,454695.0,454695.0,454695.0,454695.0,135846.0,135846.0,135846.0,135846.0,135846.0,143.0,148.0,1565.0,14.0,71.0,134.0,612.0,376.0,358.0,1,0,0,0,0,0
2010,Delaware,3,603456.0,316754.0,685978,3,3,3,3,3,603456.0,603456.0,603456.0,603456.0,603456.0,316754.0,316754.0,316754.0,316754.0,316754.0,438.0,435.0,3893.0,212.0,243.0,328.0,1421.0,965.0,724.0,3,0,0,0,0,0
2010,Florida,67,11228681.0,5473787.0,14616271,67,67,67,67,67,11228681.0,11228681.0,11228681.0,11228681.0,11228681.0,5473787.0,5473787.0,5473787.0,5473787.0,5473787.0,6939.0,5740.0,48991.0,219.0,1145.0,2431.0,12375.0,13598.0,14382.0,16,0,9,1,14,27
2010,Georgia,159,5027430.0,2623035.0,7324792,159,159,0,0,159,5027430.0,5027430.0,0,0,5027430.0,2623035.0,2623035.0,0,0,2623035.0,2940.0,2831.0,0,0,0,0,0,0,0,0,159,0,0,0,0
2010,Hawaii,5,605532.0,386302.0,1006338,4,4,4,4,4,605532.0,605532.0,605532.0,605532.0,605532.0,386302.0,386302.0,386302.0,386302.0,386302.0,242.0,252.0,3092.0,392.0,267.0,261.0,1113.0,676.0,383.0,2,0,0,1,0,1
2010,Iowa,99,1984995.0,1133429.0,2313538,99,0,99,0,99,1984995.0,0,1984995.0,0,1984995.0,1133429.0,0,1133429.0,0,1133429.0,1774.0,0,9004.0,0,0,0,0,0,0,0,99,0,0,0,0
2010,Idaho,44,790531.0,457743.0,1143651,44,44,44,44,44,790531.0,790531.0,790531.0,790531.0,790531.0,457743.0,457743.0,457743.0,457743.0,457743.0,921.0,837.0,5315.0,61.0,136.0,573.0,1499.0,1862.0,1183.0,10,1,6,2,10,15
2010,Illinois,110,7455076.0,3780210.0,9777437,109,0,109,0,0,7450307.0,0,7450307.0,0,0,3780210.0,0,3780210.0,0,0,11200.0,0,54550.0,0,0,0,0,0,0,0,0,0,0,0,0
2010,Indiana,92,4196884.0,1791832.0,4861307,92,80,77,59,81,4196884.0,3807194.0,3678999.0,2303960.0,3818939.0,1791832.0,1610227.0,1554147.0,989254.0,1615292.0,5313.0,3332.0,22342.0,142.0,442.0,942.0,3297.0,3519.0,2339.0,42,2,2,11,10,14
2010,Kansas,105,1580688.0,857658.0,2133356,105,105,105,0,105,1580688.0,1580688.0,1580688.0,0,1580688.0,857658.0,857658.0,857658.0,0,857658.0,3496.0,1454.0,8021.0,0,0,0,0,0,0,39,0,13,5,21,27
2010,Kentucky,120,2880155.0,1417995.0,3323606,120,120,120,0,120,2880155.0,2880155.0,2880155.0,0,2880155.0,1417995.0,1417995.0,1417995.0,0,1417995.0,3578.0,2486.0,16356.0,0,0,0,0,0,0,0,0,0,120,0,0
2010,Louisiana,64,2711974.0,1298649.0,3397965,64,64,64,0,64,2711974.0,2711974.0,2711974.0,0,2711974.0,1298649.0,1298649.0,1298649.0,0,1298649.0,3877.0,2252.0,16095.0,0,0,0,0,0,0,64,0,0,0,0,0
2010,Massachusetts,351,3684321.0,2319963.0,5203385,351,7,7,5,7,3684321.0,344302.0,344302.0,329097.0,344302.0,2319963.0,204659.0,204659.0,195221.0,204659.0,2169.0,175.0,2140.0,0.0,179.0,163.0,707.0,495.0,554.0,1,0,0,1,3,2
2010,Maryland,24,3468287.0,1868179.0,4385947,24,24,24,22,24,3468287.0,3468287.0,3468287.0,3382282.0,3468287.0,1868179.0,1868179.0,1868179.0,1815981.0,1868179.0,1840.0,1653.0,21843.0,96.0,828.0,1812.0,8550.0,6141.0,3422.0,7,0,2,0,6,9
2010,Maine,505,984455.0,580584.0,1048523,494,494,491,489,491,983232.0,983232.0,979587.0,928982.0,979587.0,580310.0,580310.0,578078.0,550505.0,578078.0,561.0,538.0,5493.0,1.0,85.0,401.0,2021.0,1633.0,1167.0,144,2,97,35,99,114
2010,Michigan,83,7276237.0,3258467.0,7623767,83,83,83,83,83,7276237.0,7276237.0,7276237.0,7276237.0,7276237.0,3258467.0,3258467.0,3258467.0,3258467.0,3258467.0,5038.0,3645.0,32215.0,783.0,1410.0,2037.0,9081.0,11248.0,7656.0,0,83,0,0,0,0
2010,Minnesota,87,3220844.0,2123369.0,4038685,87,87,87,0,87,3220844.0,3220844.0,3220844.0,0,3220844.0,2123369.0,2123369.0,2123369.0,0,2123369.0,4136.0,3226.0,26950.0,0,0,0,0,0,0,2,0,6,0,48,31
2010,Missouri,116,3674460.0,1997271.0,4589980,116,116,116,28,114,3674460.0,3674460.0,3674460.0,639761.0,3604703.0,1997271.0,1997271.0,1997271.0,339201.0,1955395.0,3831.0,2978.0,19029.0,117.0,78.0,115.0,585.0,730.0,811.0,44,0,8,10,24,28
2010,Mississippi,82,1624981.0,735583.0,2194892,74,74,62,21,72,1610494.0,1610494.0,1141631.0,405434.0,1509067.0,735583.0,735583.0,509378.0,175213.0,680568.0,1720.0,1896.0,6847.0,0.0,92.0,233.0,576.0,624.0,589.0,18,4,11,1,21,17
2010,Montana,56,549683.0,367096.0,764058,56,56,56,55,56,549683.0,549683.0,549683.0,513148.0,549683.0,367096.0,367096.0,367096.0,341460.0,367096.0,793.0,445.0,4404.0,75.0,62.0,191.0,1152.0,1509.0,1075.0,31,0,0,13,3,9
2010,North Carolina,100,5756403.0,2700706.0,7188327,100,100,100,100,100,5756403.0,5756403.0,5756403.0,5756403.0,5756403.0,2700706.0,2700706.0,2700706.0,2700706.0,2700706.0,2754.0,3166.0,19069.0,231.0,386.0,1044.0,5876.0,6706.0,4410.0,45,0,7,4,22,22
2010,North Dakota,53,0.0,241039.0,511050,53,53,53,43,53,0.0,0.0,0.0,0.0,0.0,241039.0,241039.0,241039.0,195036.0,241039.0,505.0,329.0,2096.0,13.0,32.0,96.0,455.0,727.0,309.0,24,0,5,7,8,9
2010,Nebraska,93,1020637.0,503514.0,1359656,93,93,90,18,90,1020637.0,1020637.0,1003931.0,244579.0,1003931.0,503514.0,503514.0,495611.0,119453.0,495611.0,1637.0,1361.0,8042.0,94.0,33.0,65.0,441.0,649.0,745.0,42,0,6,11,15,16
2010,New Hampshire,323,945341.0,461423.0,1043155,323,323,0,0,0,945341.0,945341.0,0,0,0,461423.0,461423.0,0,0,0,340.0,311.0,0,0,0,0,0,0,0,0,0,0,0,0,0
2010,New Jersey,21,4719468.0,2179700.0,6691782,21,21,21,21,21,4719468.0,4719468.0,4719468.0,4719468.0,4719468.0,2179700.0,2179700.0,2179700.0,2179700.0,2179700.0,6351.0,6675.0,19952.0,11.0,486.0,814.0,4506.0,4191.0,6516.0,0,0,0,0,21,0
2010,New Mexico,33,1066970.0,630013.0,1514872,33,33,32,28,33,1066970.0,1066970.0,1049222.0,945318.0,1066970.0,630013.0,630013.0,620776.0,543355.0,630013.0,1505.0,1610.0,18453.0,0.0,620.0,1520.0,5279.0,4680.0,3753.0,0,1,0,1,2,29
2010,Nevada,17,1114395.0,721632.0,1977693,17,17,17,6,17,1114395.0,1114395.0,1114395.0,771622.0,1114395.0,721632.0,721632.0,721632.0,497672.0,721632.0,2122.0,579.0,4280.0,179.0,26.0,273.0,885.0,904.0,805.0,2,0,3,0,4,8
2010,New York,62,10680536.0,4763899.0,15167513,57,57,1,0,1,6598969.0,6598969.0,180348.0,0,180348.0,3354301.0,3354301.0,104430.0,0,104430.0,10250.0,4438.0,78250.0,0,0,0,0,0,0,1,0,0,0,0,0
2010,Ohio,88,8048315.0,3939966.0,8840340,88,88,88,46,88,8048315.0,8048315.0,8048315.0,5201454.0,8048315.0,3939966.0,3939966.0,3939966.0,2555949.0,3939966.0,9839.0,5229.0,43912.0,1994.0,1527.0,1717.0,8988.0,7773.0,6246.0,42,0,5,0,11,30
2010,Oklahoma,77,1773975.0,1043507.0,2796489,77,77,77,0,77,1773975.0,1773975.0,1773975.0,0,1773975.0,1043507.0,1043507.0,1043507.0,0,1043507.0,2229.0,2185.0,7410.0,0,0,0,0,0,0,0,77,0,0,0,0
2010,Oregon,36,2068798.0,1487210.0,2986164,36,36,36,0,36,2068798.0,2068798.0,2068798.0,0,2068798.0,1487210.0,1487210.0,1487210.0,0,1487210.0,1490.0,36.0,1523.0,0,0,0,0,0,0,0,0,36,0,0,0
2010,Pennsylvania,67,7499183.0,4055336.0,9880374,67,67,0,0,0,7499183.0,7499183.0,0,0,0,4055336.0,4055336.0,0,0,0,9235.0,9256.0,0,0,0,0,0,0,0,0,0,0,0,0,0
2010,Rhode Island,39,647569.0,346357.0,833168,39,39,39,0,39,647569.0,647569.0,647569.0,0,647569.0,346357.0,346357.0,346357.0,0,346357.0,537.0,576.0,3525.0,0,0,0,0,0,0,10,5,3,10,4,7
2010,South Carolina,46,2630363.0,1358548.0,3515754,46,46,46,0,46,2630363.0,2630363.0,2630363.0,0,2630363.0,1358548.0,1358548.0,1358548.0,0,1358548.0,2144.0,2191.0,13372.0,0,0,0,0,0,0,0,0,0,0,0,46
2010,South Dakota,66,519396.0,318095.0,620912,66,66,62,25,66,519396.0,519396.0,498629.0,204776.0,519396.0,318095.0,318095.0,304551.0,127855.0,318095.0,800.0,192.0,3493.0,0.0,14.0,44.0,273.0,437.0,405.0,26,2,2,7,12,17
2010,Tennessee,95,3604935.0,1620619.0,4847129,95,95,95,71,95,3604935.0,3604935.0,3604935.0,2756129.0,3604935.0,1620619.0,1620619.0,1620619.0,1241647.0,1620619.0,2182.0,2334.0,15891.0,122.0,421.0,640.0,3142.0,4222.0,3396.0,43,0,8,9,10,25
2010,Texas,254,11366363.0,5066957.0,18210592,254,254,249,153,253,11366363.0,11366363.0,11289170.0,4590919.0,11353917.0,5066957.0,5066957.0,5032249.0,1992127.0,5061602.0,8332.0,7493.0,36008.0,268.0,468.0,1085.0,4706.0,5434.0,2660.0,106,1,9,44,33,60
2010,Utah,29,1338747.0,653274.0,1951049,29,29,29,0,1,1338747.0,1338747.0,1338747.0,0,3851.0,653274.0,653274.0,653274.0,0,2322.0,2095.0,956.0,4478.0,0,0,0,0,0,0,0,1,0,0,0,0
2010,Virginia,134,4720451.0,2214505.0,6103947,134,134,125,97,0,4720451.0,4720451.0,4558432.0,3400011.0,0,2214505.0,2214505.0,2141164.0,1618371.0,0,2363.0,2486.0,17406.0,252.0,309.0,990.0,4194.0,4486.0,2689.0,0,0,0,0,0,0
2010,Vermont,246,386501.0,234725.0,500054,246,230,229,98,225,386501.0,384705.0,384705.0,165656.0,381578.0,234725.0,234725.0,230971.0,101743.0,229033.0,285.0,486.0,3000.0,10.0,18.0,82.0,595.0,406.0,200.0,32,1,91,0,56,45
2010,Washington,39,3601268.0,2565589.0,5170543,35,35,32,7,21,3534650.0,3534650.0,3459050.0,667839.0,2052437.0,2516933.0,2516933.0,2458805.0,461321.0,1458358.0,6842.0,129.0,425.0,6.0,16.0,9.0,83.0,122.0,111.0,6,2,7,1,3,2
2010,Wisconsin,72,3709229.0,2185021.0,4372515,72,0,72,72,72,3709229.0,0,3709229.0,3709229.0,3709229.0,2185021.0,0,2185021.0,2185021.0,2185021.0,3596.0,0,27271.0,582.0,360.0,1201.0,5814.0,9834.0,7883.0,6,0,0,2,21,43
2010,West Virginia,55,0.0,536493.0,1439342,30,30,31,17,30,0.0,0.0,0.0,0.0,0.0,285365.0,285365.0,345544.0,122226.0,329857.0,983.0,860.0,5812.0,0.0,136.0,357.0,879.0,579.0,425.0,13,0,3,4,3,7
2010,Wyoming,23,270083.0,190822.0,417319,23,23,23,22,23,270083.0,270083.0,270083.0,261038.0,270083.0,190822.0,190822.0,190822.0,184680.0,190822.0,486.0,319.0,2564.0,32.0,56.0,160.0,834.0,776.0,621.0,13,0,0,2,2,6
2008,Alabama,67,2806671.0,2105622.0,3540023,67,67,31,0,0,2806671.0,2806671.0,1688556.0,0,0,2105622.0,2105622.0,1267392.0,0,0,2635.0,2319.0,9672.0,0,0,0,0,0,0,0,0,0,0,0,0
2008,Alaska,1,495731.0,328957.0,506417,1,1,1,0,1,495731.0,495731.0,495731.0,0,495731.0,328957.0,328957.0,328957.0,0,328957.0,438.0,523.0,2891.0,0,0,0,0,0,0,1,0,0,0,0,0
2008,Arizona,15,2987451.0,2320851.0,4792959,15,15,15,0,15,2987451.0,2987451.0,2987451.0,0,2987451.0,2320851.0,2320851.0,2320851.0,0,2320851.0,2239.0,1999.0,17040.0,0,0,0,0,0,0,4,0,2,5,2,2
2008,Arkansas,75,1364741.0,1341795.0,2152909,69,69,65,0,68,1308952.0,1308952.0,1244316.0,0,1221994.0,1341795.0,1341795.0,1323579.0,0,1273004.0,2360.0,1642.0,9459.0,0,0,0,0,0,0,17,0,10,7,9,25
2008,California,58,17394226.0,13798557.0,27392136,58,58,58,0,56,17394226.0,17394226.0,17394226.0,0,17391088.0,13798557.0,13798557.0,13798557.0,0,13795848.0,24612.0,15435.0,112249.0,0,0,0,0,0,0,11,0,17,1,10,17
2008,Colorado,64,2645793.0,2426253.0,3732321,64,57,57,0,42,2645793.0,2600711.0,2619676.0,0,2223852.0,2426253.0,2386105.0,2403874.0,0,2043894.0,3234.0,1854.0,16276.0,0,0,0,0,0,0,21,0,5,3,8,5
2008,Connecticut,169,2090788.0,1644845.0,2689039,169,169,169,0,169,2090788.0,2090788.0,2090788.0,0,2090788.0,1644845.0,1644845.0,1644845.0,0,1644845.0,744.0,744.0,5208.0,0,0,0,0,0,0,169,0,0,0,0,0
2008,Delaware,3,560705.0,415696.0,666863,3,3,3,0,3,560705.0,560705.0,560705.0,0,560705.0,415696.0,415696.0,415696.0,0,415696.0,438.0,283.0,4385.0,0,0,0,0,0,0,2,0,0,0,1,0
2008,District of Columbia,1,426671.0,226871.0,479817,1,1,0,0,1,426671.0,426671.0,0,0,426671.0,226871.0,226871.0,0,0,226871.0,143.0,143.0,0,0,0,0,0,0,0,0,0,1,0,0,0
2008,Florida,67,11251114.0,8514809.0,14324069,67,67,67,0,67,11251114.0,11251114.0,11251114.0,0,11251114.0,8514809.0,8514809.0,8514809.0,0,8514809.0,6992.0,5598.0,69199.0,0,0,0,0,0,0,20,0,6,1,15,25
2008,Georgia,159,5184912.0,3975986.0,7136903,159,159,0,0,0,5184912.0,5184912.0,0,0,0,3975986.0,3975986.0,0,0,0,2988.0,3064.0,0,0,0,0,0,0,0,0,0,0,0,0,0
2008,Hawaii,5,526672.0,456009.0,1002955,4,4,4,0,4,526672.0,526672.0,526672.0,0,526672.0,456009.0,456009.0,456009.0,0,456009.0,340.0,349.0,4130.0,0,0,0,0,0,0,2,0,0,2,0,0
2008,Idaho,44,861869.0,667506.0,1111176,44,44,44,0,44,861869.0,861869.0,861869.0,0,861869.0,667506.0,667506.0,667506.0,0,667506.0,921.0,834.0,5899.0,0,0,0,0,0,0,14,0,13,1,5,11
2008,Illinois,110,7600829.0,4400136.0,9722303,107,0,107,0,0,7590332.0,0,7590332.0,0,0,4400136.0,0,4400136.0,0,0,11407.0,0,60181.0,0,0,0,0,0,0,0,0,0,0,0,0
2008,Indiana,92,4137606.0,2805986.0,4792111,92,76,76,0,76,4137606.0,3711362.0,3711362.0,0,3711362.0,2805986.0,2511926.0,2511926.0,0,2511926.0,5353.0,3372.0,26057.0,0,0,0,0,0,0,35,4,6,6,12,13
2008,Iowa,99,2003901.0,1546483.0,2289942,99,99,94,0,0,2003901.0,2003901.0,1826746.0,0,0,1546483.0,1546483.0,1405838.0,0,0,1873.0,1873.0,10245.0,0,0,0,0,0,0,0,0,0,0,0,0
2008,Kansas,105,1579928.0,1263202.0,2101649,105,105,104,0,105,1579928.0,1579928.0,1567941.0,0,1579928.0,1263202.0,1263202.0,1253239.0,0,1263202.0,3318.0,1620.0,10106.0,0,0,0,0,0,0,38,0,5,10,20,32
2008,Kentucky,121,2906809.0,1861577.0,3261181,120,120,120,0,120,2906809.0,2906809.0,2906809.0,0,2906809.0,1861577.0,1861577.0,1861577.0,0,1861577.0,3550.0,2535.0,16323.0,0,0,0,0,0,0,120,0,0,0,0,0
2008,Louisiana,64,2714586.0,1980814.0,3302823,64,64,64,0,0,2714586.0,2714586.0,2714586.0,0,0,1980814.0,1980814.0,1980814.0,0,0,3956.0,2261.0,17623.0,0,0,0,0,0,0,0,0,0,0,0,0
2008,Maine,499,987431.0,744456.0,1041589,499,499,374,0,374,987431.0,987431.0,755655.0,0,756511.0,744456.0,744456.0,570119.0,0,570879.0,580.0,562.0,5771.0,0,0,0,0,0,0,96,0,115,11,87,65
2008,Maryland,24,3432645.0,2661905.0,4293014,24,24,24,0,24,3432645.0,3432645.0,3432645.0,0,3432645.0,2661905.0,2661905.0,2661905.0,0,2661905.0,1830.0,1618.0,26730.0,0,0,0,0,0,0,7,0,3,0,10,4
2008,Massachusetts,351,3883031.0,3102995.0,5070934,351,351,0,0,0,3883031.0,3883031.0,0,0,0,3102995.0,3102995.0,0,0,0,2174.0,2174.0,0,0,0,0,0,0,0,0,0,0,0,0,0
2008,Michigan,83,7470764.0,5039080.0,7613224,83,83,83,0,83,7470764.0,7470764.0,7470764.0,0,7470764.0,5039080.0,5039080.0,5039080.0,0,5039080.0,5103.0,3720.0,42137.0,0,0,0,0,0,0,0,83,0,0,0,0
2008,Minnesota,87,3472312.0,2920214.0,3965749,87,87,87,0,87,3472312.0,3472312.0,3472312.0,0,3472312.0,2920214.0,2920214.0,2920214.0,0,2920214.0,4130.0,3035.0,32669.0,0,0,0,0,0,0,1,0,2,0,69,15
2008,Mississippi,82,1033228.0,657058.0,2171898,46,47,41,0,28,966408.0,978475.0,855305.0,0,628228.0,648835.0,657058.0,587807.0,0,424018.0,922.0,943.0,5826.0,0,0,0,0,0,0,10,0,3,0,6,9
2008,Missouri,116,3770193.0,2992023.0,4490136,116,115,112,0,116,3770193.0,3751215.0,3719598.0,0,3770193.0,2992023.0,2977238.0,2953945.0,0,2992023.0,4933.0,3044.0,24953.0,0,0,0,0,0,0,38,0,13,5,28,32
2008,Montana,56,562141.0,497599.0,747082,56,56,54,0,52,562141.0,562141.0,541601.0,0,542657.0,497599.0,497599.0,479376.0,0,480444.0,861.0,492.0,4912.0,0,0,0,0,0,0,21,1,4,15,5,6
2008,Nebraska,93,1157034.0,811780.0,1336437,93,93,93,0,89,1157034.0,1157034.0,1157034.0,0,1139079.0,811780.0,811780.0,811780.0,0,799756.0,1652.0,1260.0,9293.0,0,0,0,0,0,0,40,6,6,10,10,17
2008,Nevada,17,1208382.0,970019.0,1932366,17,17,17,0,17,1208382.0,1208382.0,1208382.0,0,1208382.0,970019.0,970019.0,970019.0,0,970019.0,2026.0,638.0,5894.0,0,0,0,0,0,0,3,0,3,0,6,5
2008,New Hampshire,323,958528.0,0.0,1022451,323,323,0,0,0,958528.0,958528.0,0,0,0,0.0,0.0,0,0,0,340.0,311.0,0,0,0,0,0,0,0,0,0,0,0,0,0
2008,New Jersey,21,4917772.0,3910220.0,6635079,21,21,0,0,0,4917772.0,4917772.0,0,0,0,3910220.0,3910220.0,0,0,0,6308.0,3328.0,0,0,0,0,0,0,0,0,0,0,0,0,0
2008,New Mexico,33,742901.0,620289.0,1481906,22,22,21,0,22,742901.0,742901.0,739124.0,0,742901.0,620289.0,620289.0,591479.0,0,620289.0,1074.0,794.0,6517.0,0,0,0,0,0,0,10,0,1,3,5,3
2008,New York,1,10816500.0,7722019.0,15082281,1,1,1,0,1,10816500.0,10816500.0,10816500.0,0,10816500.0,7722019.0,7722019.0,7722019.0,0,7722019.0,16364.0,6007.0,84819.0,0,0,0,0,0,0,1,0,0,0,0,0
2008,North Carolina,100,5847456.0,4338197.0,6978737,100,100,100,0,67,5847456.0,5847456.0,5847456.0,0,3488224.0,4338197.0,4338197.0,4338197.0,0,2562324.0,2755.0,3241.0,25473.0,0,0,0,0,0,0,31,0,4,9,9,14
2008,North Dakota,53,0.0,318425.0,498433,53,53,52,0,53,0.0,0.0,0.0,0,0.0,318425.0,318425.0,316449.0,0,318425.0,528.0,346.0,2404.0,0,0,0,0,0,0,12,15,1,3,13,9
2008,Ohio,87,5521203.0,5671438.0,8755533,87,87,87,0,86,5521203.0,5521203.0,5521203.0,0,5521203.0,5671438.0,5671438.0,5671438.0,0,5671438.0,10897.0,5769.0,56705.292,0,0,0,0,0,0,37,0,4,5,13,27
2008,Oklahoma,77,1879809.0,1474694.0,2736326,77,77,77,0,77,1879809.0,1879809.0,1879809.0,0,1879809.0,1474694.0,1474694.0,1474694.0,0,1474694.0,2139.0,2180.0,7538.0,0,0,0,0,0,0,77,0,0,0,0,0
2008,Oregon,36,2153914.0,1845251.0,2922485,36,36,36,0,36,2153914.0,2153914.0,2153914.0,0,2153914.0,1845251.0,1845251.0,1845251.0,0,1845251.0,1494.0,36.0,1585.0,0,0,0,0,0,0,0,0,36,0,0,0
2008,Pennsylvania,67,7858607.0,6071357.0,9686275,67,66,0,0,0,7858607.0,7855385.0,0,0,0,6071357.0,6068878.0,0,0,0,9324.0,9309.0,0,0,0,0,0,0,0,0,0,0,0,0,0
2008,Rhode Island,39,653793.0,0.0,822248,0,39,0,0,1,0,653793.0,0,0,13062.0,0,0.0,0,0,0.0,0,577.0,0,0,0,0,0,0,0,1,0,0,0,0,0
2008,South Carolina,46,2553923.0,1930359.0,3413573,46,46,45,0,0,2553923.0,2553923.0,2515430.0,0,0,1930359.0,1930359.0,1900206.0,0,0,2094.0,2094.0,14898.0,0,0,0,0,0,0,0,0,0,0,0,0
2008,South Dakota,66,530462.0,387355.0,605885,66,66,66,0,58,530462.0,530462.0,530462.0,0,501171.0,387355.0,387355.0,387355.0,0,368280.0,799.0,604.0,3058.0,0,0,0,0,0,0,25,0,0,4,13,16
2008,Tennessee,95,3664853.0,2618238.0,4736294,94,0,94,0,94,3660525.0,0,3660525.0,0,3660525.0,2615259.0,0,2615259.0,0,2615259.0,2262.0,0,17823.0,0,0,0,0,0,0,49,0,4,13,12,16
2008,Texas,254,11677018.0,8059731.0,17601203,254,245,244,0,244,11677018.0,11509247.0,11497570.0,0,11505647.0,8059731.0,8059731.0,8051689.0,0,8057919.0,8379.0,7559.0,44630.0,0,0,0,0,0,0,110,0,10,34,29,61
2008,Utah,29,1342326.0,960299.0,1886789,29,29,15,0,0,1342326.0,1342326.0,945018.0,0,0,960299.0,960299.0,668642.0,0,0,2358.0,1185.0,8084.0,0,0,0,0,0,0,0,0,0,0,0,0
2008,Vermont,246,430916.0,333839.0,492340,246,246,246,0,245,430916.0,430916.0,430916.0,0,429675.0,333839.0,333839.0,333839.0,0,332938.0,273.0,418.0,4136.0,0,0,0,0,0,0,23,0,100,4,53,65
2008,Virginia,134,4911892.0,3750065.0,5945888,134,134,134,0,133,4911892.0,4911892.0,4911892.0,0,4899838.0,3750065.0,3750065.0,3750065.0,0,3741135.0,2349.0,2435.0,28132.0,0,0,0,0,0,0,37,3,25,4,23,41
2008,Washington,39,3630118.0,3071587.0,5008049,39,39,39,0,2,3630118.0,3630118.0,3630118.0,0,1519231.0,3071587.0,3071587.0,3071587.0,0,1263862.0,6722.0,489.0,4455.0,0,0,0,0,0,0,0,0,1,0,0,1
2008,West Virginia,55,1160245.0,736622.0,1428310,55,54,48,0,42,1160245.0,1103337.0,1055149.0,0,957523.0,736622.0,698708.0,673548.0,0,608059.0,1890.0,1678.0,9326.0,0,0,0,0,0,0,12,0,9,21,0,0
2008,Wisconsin,72,3754535.0,2996869.0,4313555,72,69,0,0,0,3754535.0,3703864.0,0,0,0,2996869.0,2955353.0,0,0,0,3428.0,2834.0,0,0,0,0,0,0,0,0,0,0,0,0,0
2008,Wyoming,23,0.0,256035.0,404211,23,23,23,0,23,0.0,0.0,0.0,0,0.0,256035.0,256035.0,256035.0,0,256035.0,490.0,332.0,2565.0,0,0,0,0,0,0,17,0,0,2,1,3
